Locus,A1_probe,A2_probe,Possible_Null,Samples_Flagged
BADN01000445.1_9264,AACTGGTATAT,AACTGATATAT,AACTGGTGTAT,5
BADN01000664.1_232,TAAACGGTGTG,TAAACAGTGTG,TCAACGGTGTG,89
BADN01000782.1_21208,AGTGGTACTGA,AGTGGCACTGA,AGTGGTGCTGA,1
BADN01000904.1_9418,AGTGACGCCTA,AGTGATGCCTA,TGACAGTGTGA,2
BADN01000904.1_9418,AGTGACGCCTA,AGTGATGCCTA,CAGTGTTTTAT,2
BADN01001141.1_4653,GACC.CATACA,GACC.TATACA,ACACACATACA,1
BADN01001141.1_4653,GACC.CATACA,GACC.TATACA,GGCCGCATACA,7
BADN01001141.1_4653,GACC.CATACA,GACC.TATACA,GATCGCATACA,4
BADN01001141.1_4653,GACC.CATACA,GACC.TATACA,AACCGCATACA,10
BADN01001141.1_4653,GACC.CATACA,GACC.TATACA,GACCGCACACA,1
BADN01001386.1_1488,TTCCCTGGTCT,TTCCCCGGTCT,TGAGTCGAGTT,1
BADN01001386.1_1488,TTCCCTGGTCT,TTCCCCGGTCT,ATCCCTGGTCT,1
BADN01001397.1_7193,GAGACGGATAA,GAGACAGATAA,GAGATGGATAA,6
BADN01001424.1_5213,GCTCCCCCAGT,GCTCCTCCAGT,GCACCTCCAGT,14
BADN01001564.1_19508,CTTATTGCTAT,CTTATGGCTAT,CGTATTGCTAT,58
BADN01001572.1_438,GCTCTCAAGAC,GCTCTTAAGAC,TAAGACGTGTG,1
BADN01001572.1_438,GCTCTCAAGAC,GCTCTTAAGAC,GGTTCTCAAGA,1
BADN01001572.1_438,GCTCTCAAGAC,GCTCTTAAGAC,CAGACGTGTGC,2
BADN01001578.1_2419,ATGACAGAGAA,ATGACTGAGAA,ATGACAAAGAA,1
BADN01001578.1_2419,ATGACAGAGAA,ATGACTGAGAA,ATCACTGAGAA,1
BADN01001581.1_6654,GCCATGCGGAA,GCCATACGGAA,GCCATACAGAA,1
BADN01001613.1_505,TGGGCCTCACA,TGGGCTTCACA,TGGGCCCCACA,77
BADN01001793.1_365,GCAGCCCCCCC,GCAGCTCCCCC,GCTGGAAAAGT,2
BADN01001793.1_365,GCAGCCCCCCC,GCAGCTCCCCC,CCCCGAAGTTA,43
BADN01001793.1_365,GCAGCCCCCCC,GCAGCTCCCCC,TCCTGAAGTTA,4
BADN01001793.1_365,GCAGCCCCCCC,GCAGCTCCCCC,GCAGCCACCCC,1
BADN01001834.1_15149,AGCATCGTGCT,AGCATAGTGCT,AGCATTGTGCT,3
BADN01001834.1_17712,TACATTGTCTG,TACATGGTCTG,TACAATGTCTG,1
BADN01001836.1_3257,AGCCATATCAA,AGCCAAATCAA,TAATCTCTTCT,1
BADN01001836.1_3257,AGCCATATCAA,AGCCAAATCAA,AGCCACACAAA,1
BADN01001836.1_3257,AGCCATATCAA,AGCCAAATCAA,AAACTGTTAGC,1
BADN01001840.1_1656,TCCGCT.GCTG,TCCGCA.GCTG,TCGGCTTGCTG,3
BADN01001941.1_8475,CCACACGAGAC,CCACATGAGAC,CCACACGAGAT,3
BADN01002266.1_3438,AAGGCACCATG,AAGGCGCCATG,TTGCAGATCCA,11
BADN01002302.1_39333,CAAACGAACAG,CAAACAAACAG,CAAACAAATAG,1
BADN01002302.1_39333,CAAACGAACAG,CAAACAAACAG,ACCCACACATA,2
BADN01002302.1_39333,CAAACGAACAG,CAAACAAACAG,ACCCACACAGA,1
BADN01002302.1_39333,CAAACGAACAG,CAAACAAACAG,CAGACACACAC,1
BADN01002302.1_39333,CAAACGAACAG,CAAACAAACAG,CAAACGAACAA,1
BADN01002302.1_39333,CAAACGAACAG,CAAACAAACAG,CAAACAAATCA,2
BADN01002302.1_39333,CAAACGAACAG,CAAACAAACAG,TGCGCACACAT,1
BADN01002302.1_39333,CAAACGAACAG,CAAACAAACAG,CACAGAAATGA,1
BADN01002302.1_39333,CAAACGAACAG,CAAACAAACAG,CACATACACAC,1
BADN01002302.1_39333,CAAACGAACAG,CAAACAAACAG,AGAACAAATAG,2
BADN01002302.1_39333,CAAACGAACAG,CAAACAAACAG,CACACAAAAAC,1
BADN01002302.1_39333,CAAACGAACAG,CAAACAAACAG,CCCACCCACAC,1
BADN01002302.1_39333,CAAACGAACAG,CAAACAAACAG,CACGTACACAC,1
BADN01002302.1_39333,CAAACGAACAG,CAAACAAACAG,CATACCAAGGC,1
BADN01002302.1_39333,CAAACGAACAG,CAAACAAACAG,CACATTAAATA,1
BADN01002302.1_39333,CAAACGAACAG,CAAACAAACAG,CACTGGTACAC,1
BADN01002302.1_39333,CAAACGAACAG,CAAACAAACAG,CAAACAAATGG,3
BADN01002418.1_7981,GATAGCTCCCA,GATAGTTCCCA,GATAGCTTCCA,2
BADN01002494.1_2160,ACCTGTTTTGT,ACCTGCTTTGT,ACCTGTGTTGT,6
BADN01002494.1_2160,ACCTGTTTTGT,ACCTGCTTTGT,ACCTGTTTCGT,20
BADN01004922.1_1259,ATATAAAATAG,ATATAGAATAG,ATGTAAAATAG,1
BADN01005689.1_4692,TGCACACACAT,TGCACTCACAT,GTGTTTTACAC,3
BADN01005689.1_4692,TGCACACACAT,TGCACTCACAT,GTGTTTAACAC,1
BADN01005689.1_4692,TGCACACACAT,TGCACTCACAT,TGCACACACAC,2
BADN01005955.1_32201,CATCTTGGCCT,CATCTAGGCCT,CATATTGGCCT,2
BADN01005955.1_32201,CATCTTGGCCT,CATCTAGGCCT,CAACTTGGCCT,1
BADN01005955.1_32201,CATCTTGGCCT,CATCTAGGCCT,ATATTGGCCTC,1
BADN01005993.1_32895,TTGACAGCCAG,TTGACCGCCAG,TCGACAGCCAG,2
BADN01006149.1_14799,TTCTCGTGAAG,TTCTCATGAAG,CTTCAGATCGG,16
BADN01007184.1_8128,GCGCAGGTGAT,GCGCAAGTGAT,GCGTAGGTGAT,3
BADN01008768.1_4115,CCTCCATAACT,CCTCCTTAACT,CCTCTATAACT,1
BADN01008768.1_4115,CCTCCATAACT,CCTCCTTAACT,GACGTGTGCTC,2
BADN01008768.1_4115,CCTCCATAACT,CCTCCTTAACT,GAGCACACCTC,6
BADN01009426.1_1232,CCTTTTTCCCT,CCTTTCTCCCT,CCTCTCTCCCT,1
BADN01011378.1_4248,GTCACCACTGC,GTCACTACTGC,ACAGAGGGGAC,1
BADN01011378.1_4248,GTCACCACTGC,GTCACTACTGC,AGAGCACACCT,1
BADN01011378.1_4248,GTCACCACTGC,GTCACTACTGC,GTCACCACAGC,1
BADN01011378.1_4248,GTCACCACTGC,GTCACTACTGC,CCCTCAACACA,1
BADN01011378.1_4248,GTCACCACTGC,GTCACTACTGC,ATGGGAAGAGC,1
BADN01011773.1_351,GACGCATTATA,GACGCGTTATA,GACGCGTTACA,65
BADN01012333.1_6305,GCTC.CCGCTG,GCTC.TCGCTG,GCTGCTCGCTG,2
BADN01013368.1_19326,GAGAGCGAGGA,GAGAGTGAGGA,GAGAGGAGTTT,1
BADN01013368.1_19326,GAGAGCGAGGA,GAGAGTGAGGA,GAGAGGAGGAG,13
BADN01013940.1_3108,CTGCCAGCCAC,CTGCCGGCCAC,GATCGGAAGAG,6
BADN01013940.1_3108,CTGCCAGCCAC,CTGCCGGCCAC,CTGCCCGCCAC,2
BADN01013940.1_3108,CTGCCAGCCAC,CTGCCGGCCAC,CAGAGCCTCTT,1
BADN01013940.1_3108,CTGCCAGCCAC,CTGCCGGCCAC,CACACGTCTGA,1
BADN01013940.1_3108,CTGCCAGCCAC,CTGCCGGCCAC,GAGTCACTCTC,1
BADN01014241.1_1891,TGGGGGTGTGT,TGGGGATGTGT,TTGGGGGGTGT,10
BADN01014241.1_1891,TGGGGGTGTGT,TGGGGATGTGT,TGGGAACGTGT,56
BADN01014241.1_1891,TGGGGGTGTGT,TGGGGATGTGT,TGGGAGCGTGT,73
BADN01014241.1_1891,TGGGGGTGTGT,TGGGGATGTGT,GGAGTGTGTCG,3
BADN01014245.1_3368,AGTTAGA.TTT,AGTTAAA.TTT,AGTTAGAGGTT,90
BADN01014545.1_1865,ACAGAGGAACA,ACAGATGAACA,ACAGAGGAAGA,63
BADN01014545.1_1865,ACAGAGGAACA,ACAGATGAACA,ACAGAGGTACA,1
BADN01014545.1_1865,ACAGAGGAACA,ACAGATGAACA,ACAGAGGTAGA,1
BADN01014545.1_1865,ACAGAGGAACA,ACAGATGAACA,ACGGAGGAACA,5
BADN01015132.1_4139,AAAAAGAGGAT,AAAAAAAGGAT,GAAAAGAGGAT,27
BADN01015132.1_4139,AAAAAGAGGAT,AAAAAAAGGAT,AGAAAGAGGAT,1
BADN01015132.1_4139,AAAAAGAGGAT,AAAAAAAGGAT,AAAAATAGGAT,2
BADN01015132.1_4139,AAAAAGAGGAT,AAAAAAAGGAT,AAAAAATGGAT,2
BADN01016098.1_2791,ATCTGGTTCTT,ATCTGTTTCTT,ATCTGGCTCTT,47
BADN01016640.1_6107,CAGAGCAACGC,CAGAGTAACGC,TGCTGGTCTGC,1
BADN01016640.1_6107,CAGAGCAACGC,CAGAGTAACGC,CAGAGCAACAC,28
BADN01016640.1_6107,CAGAGCAACGC,CAGAGTAACGC,CAGGGCAACAC,2
BADN01016640.1_6107,CAGAGCAACGC,CAGAGTAACGC,TGTTGGTCTCC,20
BADN01016962.1_7022,TCCAGCTATGT,TCCAGTTATGT,TCTCTCTCTCT,1
BADN01016962.1_7022,TCCAGCTATGT,TCCAGTTATGT,AGAGAGAGAGA,2
BADN01016962.1_7022,TCCAGCTATGT,TCCAGTTATGT,CTCAGCACTGG,1
BADN01016962.1_7022,TCCAGCTATGT,TCCAGTTATGT,GTCTTCAGGAT,1
BADN01016962.1_7022,TCCAGCTATGT,TCCAGTTATGT,TGCTGTCTTCA,1
BADN01016962.1_7022,TCCAGCTATGT,TCCAGTTATGT,GCTCTCTTCAG,1
BADN01016962.1_7022,TCCAGCTATGT,TCCAGTTATGT,TCCGGCTATGT,2
BADN01016962.1_7022,TCCAGCTATGT,TCCAGTTATGT,ATAGGAAGAGC,1
BADN01016962.1_7022,TCCAGCTATGT,TCCAGTTATGT,GCTGTCTTCAG,2
BADN01017105.1_9741,CTCTCCCTGCC,CTCTCTCTGCC,CTCTTCCTGCC,2
BADN01017607.1_752,CTGTTGTTTTA,CTGTTATTTTA,CTGTTGTTTTT,13
BADN01017626.1_5109,GTTTTACGGCA,GTTTTGCGGCA,GTTTGCGGCAC,1
BADN01017626.1_5109,GTTTTACGGCA,GTTTTGCGGCA,GTTTTATGGCA,10
BADN01018438.1_10508,AAACCCTACAT,AAACCGTACAT,TAAATGGGCTT,1
BADN01018438.1_10508,AAACCCTACAT,AAACCGTACAT,TTCCGATCTTT,10
BADN01018438.1_10508,AAACCCTACAT,AAACCGTACAT,CTTCCGATCTT,24
BADN01019062.1_8588,AAACCGACGTT,AAACCAACGTT,AAACGGACGTT,22
BADN01019062.1_8588,AAACCGACGTT,AAACCAACGTT,AAACAGACGTT,134
BADN01019062.1_8588,AAACCGACGTT,AAACCAACGTT,AAACACGTTGC,4
BADN01019759.1_8524,AGGCTCCTCAT,AGGCTTCTCAT,AGGCTCTTCAT,5
BADN01019759.1_8524,AGGCTCCTCAT,AGGCTTCTCAT,AGGCCCCTCAT,2
BADN01019759.1_8524,AGGCTCCTCAT,AGGCTTCTCAT,AGAGGCTCTTC,5
BADN01021226.1_6023,ATGCCAAGGAT,ATGCCCAGGAT,AAAGGTGACTG,4
BADN01021226.1_6023,ATGCCAAGGAT,ATGCCCAGGAT,TGACTGAGTTC,1
BADN01021226.1_6023,ATGCCAAGGAT,ATGCCCAGGAT,AAGCCAAGGAT,1
BADN01021226.1_6023,ATGCCAAGGAT,ATGCCCAGGAT,CGAGATGCAAA,3
BADN01021226.1_6023,ATGCCAAGGAT,ATGCCCAGGAT,CCCGATGCAAA,1
BADN01021226.1_6023,ATGCCAAGGAT,ATGCCCAGGAT,CAAAGGTGACT,17
BADN01021226.1_6023,ATGCCAAGGAT,ATGCCCAGGAT,ACGAGATGCAA,2
BADN01021226.1_6023,ATGCCAAGGAT,ATGCCCAGGAT,TGTGTGTGTGT,2
BADN01021226.1_6023,ATGCCAAGGAT,ATGCCCAGGAT,GCAAAGGTGAC,1
BADN01021226.1_6023,ATGCCAAGGAT,ATGCCCAGGAT,ATACGAGATGC,5
BADN01021226.1_6023,ATGCCAAGGAT,ATGCCCAGGAT,GTGACTGGAGT,1
BADN01021577.1_1709,AGAATGGCAGC,AGAATTGCAGC,AGACTGGCAGC,4
BADN01022062.1_1904,CAACCAGCATG,CAACCGGCATG,CATGCACATAC,5
BADN01022062.1_1904,CAACCAGCATG,CAACCGGCATG,TTCCGATCTGC,2
BADN01022062.1_1904,CAACCAGCATG,CAACCGGCATG,CACAAAAAGAC,5
BADN01022062.1_1904,CAACCAGCATG,CAACCGGCATG,ACAGATCGGAA,1
BADN01022062.1_1904,CAACCAGCATG,CAACCGGCATG,GCTCTTCCGAT,28
BADN01022062.1_1904,CAACCAGCATG,CAACCGGCATG,TCTTCCGATCT,8
BADN01022062.1_1904,CAACCAGCATG,CAACCGGCATG,AAGAGCACACG,3
BADN01022062.1_1904,CAACCAGCATG,CAACCGGCATG,TGTGCTCTTCC,20
BADN01022062.1_1904,CAACCAGCATG,CAACCGGCATG,ATAATCTCACC,2
BADN01022062.1_1904,CAACCAGCATG,CAACCGGCATG,TACACACACAC,1
BADN01022062.1_1904,CAACCAGCATG,CAACCGGCATG,TCGGAAGAGCA,1
BADN01022062.1_1904,CAACCAGCATG,CAACCGGCATG,AGTGTGTATGT,1
BADN01022062.1_1904,CAACCAGCATG,CAACCGGCATG,TGGCCAACATG,1
BADN01022062.1_1904,CAACCAGCATG,CAACCGGCATG,ACGTTGCACAC,3
BADN01022062.1_1904,CAACCAGCATG,CAACCGGCATG,GTGCTCTTCCG,19
BADN01022352.1_4685,CCCGGAGGATT,CCCGGGGGATT,CCCAGAGGATT,33
BADN01024210.1_31269,GGGAGCGATGA,GGGAGTGATGA,GTAGATCGGAA,150
BADN01025282.1_9790,ACAAGTATCAA,ACAAGGATCAA,ACAAGCATCAA,18
BADN01026007.1_15834,TTCTCCACACA,TTCTCTACACA,TTCTCCAAACA,6
BADN01026026.1_12955,TCTCCGGTCTG,TCTCCAGTCTG,CATACGAGATG,8
BADN01026026.1_12955,TCTCCGGTCTG,TCTCCAGTCTG,CATACGAGATC,5
BADN01026705.1_1213,GACACGCATTC,GACACACATTC,GACACGCGTTC,6
BADN01026705.1_1213,GACACGCATTC,GACACACATTC,GACAAGCATTC,2
BADN01027151.1_5896,.CTCCGGTTCT,.CTCCAGTTCT,ACTCTGGTTCT,17
BADN01029081.1_18656,GAGAAAA.ACA,GAGAATA.ACA,GAGATACACAC,6
BADN01029081.1_18656,GAGAAAA.ACA,GAGAATA.ACA,GCAGACCCTGC,5
BADN01029081.1_18656,GAGAAAA.ACA,GAGAATA.ACA,GAGGAAAATAC,1
BADN01029300.1_2959,ACTAATGATGC,ACTAACGATGC,ATTAATGATGC,1
BADN01029300.1_2959,ACTAATGATGC,ACTAACGATGC,AATCATGCCCC,11
BADN01029452.1_15039,AACATCTGTAA,AACATTTGTAA,AACACTTGTAA,56
BADN01029452.1_15039,AACATCTGTAA,AACATTTGTAA,AACAGCTGTAA,22
BADN01029483.1_2458,ATTG.ACTGCA,ATTG.TCTGCA,ACTGCACTGCA,2
BADN01029764.1_15277,CATACTGTACT,CATACGGTACT,CTCACGGTACT,6
BADN01029764.1_15277,CATACTGTACT,CATACGGTACT,CATACAGTACT,2
BADN01029764.1_15277,CATACTGTACT,CATACGGTACT,CGTACTGTACT,8
BADN01033132.1_1277,CTTAGCCCACG,CTTAGTCCACG,CTTAGCCCATG,11
BADN01033132.1_1277,CTTAGCCCACG,CTTAGTCCACG,CTTAGCCCACA,11
BADN01033132.1_1277,CTTAGCCCACG,CTTAGTCCACG,CTTAGTCCATG,7
BADN01033132.1_1277,CTTAGCCCACG,CTTAGTCCACG,CTTAGCCCACC,11
BADN01033187.1_1509,AGGTCTACAGG,AGGTCCACAGG,AGGTATGACTG,7
BADN01033187.1_1509,AGGTCTACAGG,AGGTCCACAGG,AGGTACAACTG,5
BADN01033187.1_1509,AGGTCTACAGG,AGGTCCACAGG,AGGTACGACTG,5
BADN01033752.1_2885,CACTGTGGTTT,CACTGCGGTTT,CACTGTGGCTT,1
BADN01033752.1_2885,CACTGTGGTTT,CACTGCGGTTT,CACTGGTTTGG,2
BADN01033752.1_2885,CACTGTGGTTT,CACTGCGGTTT,CACTGTAGTTT,1
BADN01033763.1_9643,ACACACAGACA,ACACATAGACA,ACACACACACA,185
BADN01033763.1_9643,ACACACAGACA,ACACATAGACA,CAGATCGGAAG,3
BADN01033763.1_9643,ACACACAGACA,ACACATAGACA,ACACATACACA,2
BADN01034348.1_2858,TTTAAGTGTGC,TTTAAATGTGC,TTTAAGTGTAC,1
BADN01035092.1_4669,CTGCTTGCCTC,CTGCTCGCCTC,CTGCTTGCTTC,1
BADN01036219.1_831,TGGATATTTTT,TGGATGTTTTT,TGGACATTTTT,1
BADN01036219.1_831,TGGATATTTTT,TGGATGTTTTT,TGGATATTTTG,1
BADN01036387.1_9607,TCGCTGTTATC,TCGCTTTTATC,TCGCTGTAGAT,3
BADN01036484.1_7898,CAGCAAGCTGG,CAGCAGGCTGG,GAGCAAGCTGG,13
BADN01036963.1_3436,GCGCACAACAG,GCGCATAACAG,GCGCACAGCAG,1
BADN01036963.1_3436,GCGCACAACAG,GCGCATAACAG,GCGTAAAACAG,2
BADN01038714.1_13935,CAGTGTCTGTT,CAGTGACTGTT,CAGTGTGTGTT,1
BADN01038714.1_13935,CAGTGTCTGTT,CAGTGACTGTT,CAGTGTTTGTT,2
BADN01038714.1_13935,CAGTGTCTGTT,CAGTGACTGTT,CAGTATGTGGA,7
BADN01038929.1_7947,CAACCGGTTCA,CAACCTGTTCA,CAACCAGTTCA,16
BADN01038929.1_7947,CAACCGGTTCA,CAACCTGTTCA,CAACCAGTTAA,1
BADN01041447.1_8375,CTACATGGTGA,CTACAAGGTGA,TTCCGATCTAG,30
BADN01042530.1_418,ACCCCCGAAAT,ACCCCTGAAAT,AACCCCGAAAT,3
BADN01043107.1_5938,TTTGTTCTAGA,TTTGTACTAGA,TTTGCTCTAGG,3
BADN01043107.1_5938,TTTGTTCTAGA,TTTGTACTAGA,TTTGTTCAAGA,2
BADN01043107.1_5938,TTTGTTCTAGA,TTTGTACTAGA,TTTGTTCTAGG,87
BADN01043107.1_5938,TTTGTTCTAGA,TTTGTACTAGA,TTTGTTCTAAG,6
BADN01043658.1_8812,TTTGTTTAATT,TTTGTCTAATT,TTTGTCTAATA,21
BADN01043658.1_8812,TTTGTTTAATT,TTTGTCTAATT,TTTGTCTAATG,5
BADN01044032.1_6731,GAAAGGTCTAA,GAAAGATCTAA,GAAAAGTCTAA,2
BADN01044032.1_6731,GAAAGGTCTAA,GAAAGATCTAA,GAAAGGTCCAA,9
BADN01044108.1_920,ACTGACTACTG,ACTGAGTACTG,ACTGACTACAG,6
BADN01044108.1_920,ACTGACTACTG,ACTGAGTACTG,ACTGACTATGG,15
BADN01044108.1_920,ACTGACTACTG,ACTGAGTACTG,ACTGACTACGG,53
BADN01044297.1_7213,GCAGCCGGGCA,GCAGCTGGGCA,CGTGTCTGTGC,1
BADN01044297.1_7213,GCAGCCGGGCA,GCAGCTGGGCA,GCAGCCAGGCA,2
BADN01044297.1_7213,GCAGCCGGGCA,GCAGCTGGGCA,GTTTTAGCTGC,1
BADN01044297.1_7213,GCAGCCGGGCA,GCAGCTGGGCA,GCAAAACACAT,1
BADN01044297.1_7213,GCAGCCGGGCA,GCAGCTGGGCA,GCAGTCGGGCA,3
BADN01044297.1_7213,GCAGCCGGGCA,GCAGCTGGGCA,GCAGCTAGCAC,2
BADN01044297.1_7213,GCAGCCGGGCA,GCAGCTGGGCA,GCAAAGATCGG,1
BADN01044970.1_1158,ACGACCGATTA,ACGACTGATTA,ACGACCAATTA,1
BADN01045748.1_11458,GATAGCAATGT,GATAGAAATGT,GATAGCGATGT,179
BADN01045748.1_2702,GTGTCATTTCT,GTGTCTTTTCT,GTGCCATTTCT,2
BADN01046228.1_246,CACACAATTTA,CACACTATTTA,AGATAGGAAGA,2
BADN01046419.1_13823,GAGGAGGCAAA,GAGGACGCAAA,GAGGAGCCAAA,55
BADN01046494.1_8770,ACCA.AAAGTA,ACCA.GAAGTA,ACCTTAAAGTA,3
BADN01047722.1_3317,TATGCAGGGCT,TATGCTGGGCT,TATGCGGGGCT,9
BADN01047722.1_3317,TATGCAGGGCT,TATGCTGGGCT,TATGCAGGCCT,1
BADN01047722.1_3317,TATGCAGGGCT,TATGCTGGGCT,TATGCAAGGCT,1
BADN01048498.1_8872,TATACTGTAGA,TATACCGTAGA,TGTACCGTAGA,1
BADN01049133.1_3209,TGGTTTATGAC,TGGTTAATGAC,TGGTTTATGAT,1
BADN01049133.1_3209,TGGTTTATGAC,TGGTTAATGAC,CGGTTTATGAC,2
BADN01049133.1_3209,TGGTTTATGAC,TGGTTAATGAC,TCCCCCTCCCT,6
BADN01049620.1_7381,AAGCATGATAA,AAGCACGATAA,CTGAACTACAG,1
BADN01049620.1_7381,AAGCATGATAA,AAGCACGATAA,CTGAAGTCCAG,1
BADN01050063.1_2026,TATTCCAGTGT,TATTCTAGTGT,TATTCCAGCGT,1
BADN01050063.1_2026,TATTCCAGTGT,TATTCTAGTGT,TATTCTAGCGT,1
BADN01050063.1_2026,TATTCCAGTGT,TATTCTAGTGT,CATTCCAGTGT,1
BADN01050063.1_2026,TATTCCAGTGT,TATTCTAGTGT,TATTCAAGTGT,4
BADN01051209.1_15346,CAAAAAAAA.T,CAAAATAAA.T,GCAAAAAAAAT,2
BADN01051209.1_15346,CAAAAAAAA.T,CAAAATAAA.T,CAAATAAAAAT,1
BADN01051209.1_15346,CAAAAAAAA.T,CAAAATAAA.T,CAAAAAAAGTT,3
BADN01051209.1_15346,CAAAAAAAA.T,CAAAATAAA.T,CAAAAAAGATT,5
BADN01051345.1_9373,GTCAGGCAGGT,GTCAGACAGGT,TGTCAGCAGGT,183
BADN01051401.1_742,GCAATTCTTCC,GCAATACTTCC,GCAATTCCTCC,6
BADN01051401.1_742,GCAATTCTTCC,GCAATACTTCC,ACAATTCCTCC,1
BADN01051611.1_3780,TTCAGTGTGTC,TTCAGCGTGTC,TTCAGTGTCTC,164
BADN01052362.1_1145,TCCAGCGCAAG,TCCAGTGCAAG,AGAGCACACGT,2
BADN01052362.1_1145,TCCAGCGCAAG,TCCAGTGCAAG,GTTCACAGTGA,63
BADN01052362.1_1145,TCCAGCGCAAG,TCCAGTGCAAG,GAAGAGCACAC,6
BADN01052978.1_435,CATG.GAAAAC,CATG.CAAAAC,AATGTGAAAAC,1
BADN01053040.1_11901,CGTCTCGTTAA,CGTCTTGTTAA,CGTCTCGTTTA,1
BADN01053040.1_11901,CGTCTCGTTAA,CGTCTTGTTAA,GTCAAGTGAAT,12
BADN01053040.1_11901,CGTCTCGTTAA,CGTCTTGTTAA,CGTCTCATTAA,2
BADN01053233.1_1510,AATTCTGTGTA,AATTCGGTGTA,AAGTCTGTGTA,1
BADN01053233.1_1510,AATTCTGTGTA,AATTCGGTGTA,AATTCTGTGTG,23
BADN01055356.1_474,ACGACGTGATA,ACGACATGATA,AGGAAGAGCAC,1
BADN01055356.1_474,ACGACGTGATA,ACGACATGATA,CGGAAGAGCCC,1
BADN01055356.1_474,ACGACGTGATA,ACGACATGATA,CGGAAGAGCAA,1
BADN01055356.1_474,ACGACGTGATA,ACGACATGATA,ACGACCTGATA,1
BADN01055356.1_474,ACGACGTGATA,ACGACATGATA,ACTGGAGTTCA,7
BADN01055356.1_474,ACGACGTGATA,ACGACATGATA,GTACTCTTCCG,1
BADN01055356.1_474,ACGACGTGATA,ACGACATGATA,CGGAAGAGCAC,5
BADN01055356.1_474,ACGACGTGATA,ACGACATGATA,CGCAAGAGCAC,1
BADN01055356.1_474,ACGACGTGATA,ACGACATGATA,GACTGGAGTTC,1
BADN01055356.1_474,ACGACGTGATA,ACGACATGATA,ACGACGTGATT,1
BADN01055356.1_474,ACGACGTGATA,ACGACATGATA,CCGAAGAGCAC,1
BADN01055419.1_351,TCAGCGGTCTA,TCAGCAGTCTA,TCAGGGGTCTA,37
BADN01056378.1_6679,CCAACATACCA,CCAACGTACCA,CCATTATACCA,1
BADN01056378.1_6679,CCAACATACCA,CCAACGTACCA,AATAGCAACAC,1
BADN01056577.1_6515,ACATACGTGCT,ACATATGTGCT,ACATACATGCT,1
BADN01057149.1_476,TAACGTAGGGG,TAACGCAGGGG,GTAGGGGAACC,1
BADN01057149.1_476,TAACGTAGGGG,TAACGCAGGGG,TAACTTAGGGG,1
BADN01057149.1_476,TAACGTAGGGG,TAACGCAGGGG,TAACATAGGGG,21
BADN01057323.1_9470,ATCACTAGACA,ATCACAAGACA,CTCATTTCCTG,2
BADN01057323.1_9470,ATCACTAGACA,ATCACAAGACA,ATTCCATGGCC,21
BADN01057323.1_9470,ATCACTAGACA,ATCACAAGACA,TCTCATTTCCT,110
BADN01057691.1_23269,GCCATTGGCAT,GCCATCGGCAT,CCATTGCATGG,6
BADN01057691.1_23269,GCCATTGGCAT,GCCATCGGCAT,CGGCATGGGGG,1
BADN01058108.1_5159,TATCAGACTGA,TATCACACTGA,TATCGGACTGA,176
BADN01058108.1_5159,TATCAGACTGA,TATCACACTGA,TATTGGACTGA,1
BADN01058108.1_5159,TATCAGACTGA,TATCACACTGA,TATCGGACCGA,9
BADN01058170.1_15057,TCCACGAGCTC,TCCACAAGCTC,TCCATGAGCTC,7
BADN01058307.1_5419,A.AGCAACATC,A.AGCGACATC,TCCGATCTATG,1
BADN01058319.1_5341,TAGTGGTGAGC,TAGTGATGAGC,TAGTGGTGGGC,1
BADN01059959.1_4156,TAACATTAACC,TAACACTAACC,GTGAATTAACC,1
BADN01059959.1_4156,TAACATTAACC,TAACACTAACC,ATCACATAACC,1
BADN01061256.1_1240,CTGTCTGGTGC,CTGTCAGGTGC,CTGTCTGGTAC,14
BADN01061256.1_1240,CTGTCTGGTGC,CTGTCAGGTGC,CTGTCAAGTGC,6
BADN01061256.1_1240,CTGTCTGGTGC,CTGTCAGGTGC,CTGTCTGGTGT,4
BADN01061312.1_2107,CACAAGTACAG,CACAAATACAG,CACACGTACAG,39
BADN01061755.1_15610,AGTCTCGACTC,AGTCTTGACTC,CGTCTCGACTC,2
BADN01061755.1_15610,AGTCTCGACTC,AGTCTTGACTC,TGTCTCGACTC,3
BADN01061755.1_15610,AGTCTCGACTC,AGTCTTGACTC,ACGTCTCGACT,41
BADN01061755.1_15610,AGTCTCGACTC,AGTCTTGACTC,TTGTTGACTGG,1
BADN01061755.1_15610,AGTCTCGACTC,AGTCTTGACTC,CTGGTGCAAAC,1
BADN01062201.1_16949,ACGGAAACACA,ACGGATACACA,ACGGATACACG,4
BADN01062554.1_7253,AGAGACGGAGA,AGAGATGGAGA,TCTGAACTCCA,1
BADN01062554.1_7253,AGAGACGGAGA,AGAGATGGAGA,GCACACGTCTG,2
BADN01062554.1_7253,AGAGACGGAGA,AGAGATGGAGA,CGTCTGAACTC,2
BADN01062554.1_7253,AGAGACGGAGA,AGAGATGGAGA,AGAGAAGGAGA,23
BADN01062554.1_7253,AGAGACGGAGA,AGAGATGGAGA,AGAGGAGAGAC,2
BADN01062554.1_7253,AGAGACGGAGA,AGAGATGGAGA,AGACACGTAGA,2
BADN01062554.1_7253,AGAGACGGAGA,AGAGATGGAGA,AGAGACAGAGA,117
BADN01062554.1_7253,AGAGACGGAGA,AGAGATGGAGA,AGGGTTACAGG,5
BADN01062948.1_1134,GGACGGAGGAG,GGACGAAGGAG,GGATGGAGGAG,2
BADN01062948.1_1134,GGACGGAGGAG,GGACGAAGGAG,GGACGGAGGAA,1
BADN01063274.1_1510,AAAATTATCTG,AAAATGATCTG,AAGATTATCTG,1
BADN01063274.1_1510,AAAATTATCTG,AAAATGATCTG,AAAATTATCCG,4
BADN01063722.1_671,TATGGCATGTA,TATGGTATGTA,TATGGCATATA,1
BADN01064221.1_10551,CAAACGACAGT,CAAACAACAGT,AACAGACAGAG,12
BADN01064221.1_10551,CAAACGACAGT,CAAACAACAGT,CAAACGACGGT,1
BADN01064365.1_1793,TTGTGGCTGGA,TTGTGCCTGGA,TTGCGGCTGGA,78
BADN01065892.1_3822,TCCCTGGAGGT,TCCCTAGAGGT,TCCCTCTAGGT,1
BADN01066529.1_12372,CATACGGTGGC,CATACAGTGGC,CATATGGTGGC,1
BADN01066529.1_12372,CATACGGTGGC,CATACAGTGGC,TGGCTCTCATG,1
BADN01066529.1_12372,CATACGGTGGC,CATACAGTGGC,AAGGTAACAGG,1
BADN01066529.1_12372,CATACGGTGGC,CATACAGTGGC,CAGGCTCTCAT,4
BADN01067669.1_2298,AAACCAAGTGA,AAACCGAGTGA,AAACCAAGCGA,2
BADN01067669.1_2298,AAACCAAGTGA,AAACCGAGTGA,AAACCGAGCGA,1
BADN01071318.1_11438,GCCGGCTTTCC,GCCGGTTTTCC,ACAGCCGGCGT,1
BADN01071318.1_11438,GCCGGCTTTCC,GCCGGTTTTCC,CAAACCCCGGC,1
BADN01071599.1_592,GCCGCCGCAAA,GCCGCTGCAAA,GCCCGCCGCGA,1
BADN01071599.1_592,GCCGCCGCAAA,GCCGCTGCAAA,GCCGCCGCGAA,2
BADN01071599.1_592,GCCGCCGCAAA,GCCGCTGCAAA,CTACATCACTG,1
BADN01071599.1_592,GCCGCCGCAAA,GCCGCTGCAAA,GCCCGCCGCAA,64
BADN01071599.1_592,GCCGCCGCAAA,GCCGCTGCAAA,GCCTGCCGCAA,2
BADN01072111.1_3230,TTTTTTCCCCT,TTTTTCCCCCT,TTTTTCGCCCT,1
BADN01072119.1_2766,AGCGGCAACAT,AGCGGGAACAT,AGCGGCAACCT,1
BADN01072485.1_538,CCAAATTCAGT,CCAAAGTCAGT,GTCAGTTGAAT,52
BADN01072485.1_538,CCAAATTCAGT,CCAAAGTCAGT,AGTCAGTTGAA,1
BADN01073078.1_3670,TGGAGCCTCTC,TGGAGTCTCTC,TGGAGCCTCCT,49
BADN01073827.1_4752,TAAACTGGAAC,TAAACCGGAAC,AAACCACAACG,7
BADN01073827.1_4752,TAAACTGGAAC,TAAACCGGAAC,AAACCAAAACG,1
BADN01073936.1_4207,ACACCCTGCTT,ACACCTTGCTT,ACACTCTGCTT,3
BADN01074255.1_9279,AACAAATGATG,AACAAGTGATG,AACTGATGGAT,2
BADN01074554.1_981,AACTCGCTAAC,AACTCACTAAC,GTCACCAGATC,1
BADN01075129.1_2037,TCAATGGGCAA,TCAATTGGCAA,TCAATGGGGAA,112
BADN01078362.1_2166,TGGGTCGTACT,TGGGTTGTACT,TGGGTCATACT,5
BADN01078362.1_2166,TGGGTCGTACT,TGGGTTGTACT,GGTCATACTTG,1
BADN01078362.1_2166,TGGGTCGTACT,TGGGTTGTACT,TGGGTTGTACA,1
BADN01078879.1_7378,CACTACAGTGT,CACTAAAGTGT,CCGATCTTAGT,1
BADN01078879.1_7378,CACTACAGTGT,CACTAAAGTGT,CACTACTGTGT,1
BADN01078879.1_7378,CACTACAGTGT,CACTAAAGTGT,CACTACAGTGA,8
BADN01080119.1_2112,TGTCACCATAA,TGTCAGCATAA,TGTAACCATAA,53
BADN01080556.1_5079,TTCCAGGGGGG,TTCCAAGGGGG,CGGATTGAGGG,1
BADN01080556.1_5079,TTCCAGGGGGG,TTCCAAGGGGG,CCTTTGCATGG,1
BADN01080556.1_5079,TTCCAGGGGGG,TTCCAAGGGGG,TTCCAGAGGGG,2
BADN01080850.1_643,AGGTTCAGGTT,AGGTTGAGGTT,AGGCTCAGGTT,22
BADN01080967.1_4525,CCACTGTGTGT,CCACTATGTGT,CCACTGTGTCT,6
BADN01080967.1_4525,CCACTGTGTGT,CCACTATGTGT,CCACTATGTCT,1
BADN01081624.1_3848,TTCTTCGAGGC,TTCTTTGAGGC,TTCTTCGAGGT,1
BADN01081624.1_3848,TTCTTCGAGGC,TTCTTTGAGGC,TTCTTCAAGGC,1
BADN01083052.1_1131,TGCAACAGGAC,TGCAATAGGAC,AACCTCTGAGC,1
BADN01083052.1_1131,TGCAACAGGAC,TGCAATAGGAC,GACCTCTAGTG,1
BADN01083076.1_2017,TATGTGCATTT,TATGTTCATTT,GGTTGAAAAAA,1
BADN01083076.1_2017,TATGTGCATTT,TATGTTCATTT,AGATCGGAAGA,2
BADN01083076.1_2017,TATGTGCATTT,TATGTTCATTT,TGGTCTCTCAT,1
BADN01083076.1_2017,TATGTGCATTT,TATGTTCATTT,TATGTGGATTG,1
BADN01083076.1_2017,TATGTGCATTT,TATGTTCATTT,GGAAGAGCACA,6
BADN01083076.1_2017,TATGTGCATTT,TATGTTCATTT,GGTAGATCGGA,1
BADN01083076.1_2017,TATGTGCATTT,TATGTTCATTT,TTAGATCGGAA,12
BADN01083076.1_2017,TATGTGCATTT,TATGTTCATTT,TGTGCTGACAG,4
BADN01083076.1_2017,TATGTGCATTT,TATGTTCATTT,TGTCTGACACT,2
BADN01083076.1_2017,TATGTGCATTT,TATGTTCATTT,GAGCACACGTC,1
BADN01083076.1_2017,TATGTGCATTT,TATGTTCATTT,ACACGTCTGAA,10
BADN01083076.1_2017,TATGTGCATTT,TATGTTCATTT,ATCGGAAGAGC,1
BADN01084851.1_5031,TCTGCCTTATG,TCTGCGTTATG,TCTGCGTTATA,3
BADN01085667.1_2609,TTGTCATCTGC,TTGTCTTCTGC,CTGGAGTTCAG,6
BADN01085667.1_2609,TTGTCATCTGC,TTGTCTTCTGC,GCTGCCTCTCT,2
BADN01085957.1_829,CTGAATTGCTA,CTGAACTGCTA,GGCAGATCGGA,1
BADN01085957.1_829,CTGAATTGCTA,CTGAACTGCTA,GGAGATCGGAA,2
BADN01085957.1_829,CTGAATTGCTA,CTGAACTGCTA,CTAAATTGCTA,6
BADN01085957.1_829,CTGAATTGCTA,CTGAACTGCTA,ACCTACACAGA,5
BADN01086201.1_3846,GGCCTGTGTGT,GGCCTATGTGT,GGCCTATGTGC,1
BADN01086201.1_3846,GGCCTGTGTGT,GGCCTATGTGT,GGTCTGTGTGT,4
BADN01086274.1_2186,TTGTCTTCTGG,TTGTCCTCTGG,TTGTTTTCTGG,10
BADN01086274.1_2186,TTGTCTTCTGG,TTGTCCTCTGG,TTGTTTTGTGG,1
BADN01086782.1_4102,GCAGGCTTGTG,GCAGGATTGTG,GAGTGTGTCTG,3
BADN01086782.1_4102,GCAGGCTTGTG,GCAGGATTGTG,ATCTCGTGCGC,8
BADN01086782.1_4102,GCAGGCTTGTG,GCAGGATTGTG,GAAGGCTTGTG,1
BADN01086782.1_4102,GCAGGCTTGTG,GCAGGATTGTG,GAGTGTGTGTG,3
BADN01086892.1_18991,CACATCC.CAG,CACATGC.CAG,CACATCCGCAT,5
BADN01086892.1_18991,CACATCC.CAG,CACATGC.CAG,CACATCTGCAG,1
BADN01086892.1_18991,CACATCC.CAG,CACATGC.CAG,CACATACACAG,1
BADN01087166.1_1029,GCTGAGGGATA,GCTGACGGATA,TCTCCCCCTGC,10
BADN01087166.1_1029,GCTGAGGGATA,GCTGACGGATA,GTTCAGGGATA,3
BADN01087166.1_1029,GCTGAGGGATA,GCTGACGGATA,GCTCAGGGATA,14
BADN01089993.1_6182,CTGGCTGGAGG,CTGGCCGGAGG,CTGGCCGGATG,1
BADN01090929.1_438,ACAACGAAAAA,ACAACAAAAAA,ACAAACAATAA,1
BADN01092686.1_9991,CTGGAGACAGA,CTGGAAACAGA,TGCTCTTCCGA,13
BADN01092686.1_9991,CTGGAGACAGA,CTGGAAACAGA,CTCTTCCGATC,3
BADN01092686.1_9991,CTGGAGACAGA,CTGGAAACAGA,CGTGTGCTCTT,24
BADN01092686.1_9991,CTGGAGACAGA,CTGGAAACAGA,AGACGTGTGCT,12
BADN01092686.1_9991,CTGGAGACAGA,CTGGAAACAGA,CTGGAGGCAGA,29
BADN01094782.1_3061,CGCCACGGTAT,CGCCAAGGTAT,CGCCTAGGTAT,10
BADN01094782.1_3061,CGCCACGGTAT,CGCCAAGGTAT,CGCCACGATAT,2
BADN01094782.1_3061,CGCCACGGTAT,CGCCAAGGTAT,CGTCACGGTAT,7
BADN01094782.1_3061,CGCCACGGTAT,CGCCAAGGTAT,CGCCACAGTAT,2
BADN01096727.1_642,TGTCTGTCAAC,TGTCTATCAAC,TGTCTGTCAAT,1
BADN01098852.1_4627,TCCTCGTTAAC,TCCTCATTAAC,TCCTCGTCAAC,5
BADN01098852.1_4627,TCCTCGTTAAC,TCCTCATTAAC,TCTTCGTTAAC,4
BADN01099048.1_7484,ACAGAGAAACA,ACAGATAAACA,AACACGTCTGA,1
BADN01099048.1_7484,ACAGAGAAACA,ACAGATAAACA,TTAAACTCAGA,1
BADN01099048.1_7484,ACAGAGAAACA,ACAGATAAACA,AGAGATAAACA,10
BADN01099048.1_7484,ACAGAGAAACA,ACAGATAAACA,AGAGAGAAACA,85
BADN01099050.1_3126,TCGTTGCCTGT,TCGTTACCTGT,TCGTTGTCTGT,7
BADN01099050.1_3126,TCGTTGCCTGT,TCGTTACCTGT,GTTCAGACGTG,1
BADN01099050.1_3126,TCGTTGCCTGT,TCGTTACCTGT,GAGTGAACTCG,1
BADN01099050.1_3126,TCGTTGCCTGT,TCGTTACCTGT,CTCCAGTCCCC,1
BADN01099050.1_3126,TCGTTGCCTGT,TCGTTACCTGT,TCGTTAACTGT,21
BADN01099725.1_400,AGAAGTGA.AG,AGAAGAGA.AG,AGAAAAGATAG,174
BADN01100481.1_541,TTTGGGGCATT,TTTGGAGCATT,TTTGAGCAATT,3
BADN01100481.1_541,TTTGGGGCATT,TTTGGAGCATT,TTTGAGCATTG,9
BADN01100481.1_541,TTTGGGGCATT,TTTGGAGCATT,TTTGGGACATT,2
BADN01102244.1_776,TATTGTTTGGA,TATTGGTTGGA,TATCGTTTGGA,2
BADN01104140.1_2106,CCCTACGAAAT,CCCTAAGAAAT,CCCTACAAAAT,32
BADN01104140.1_2106,CCCTACGAAAT,CCCTAAGAAAT,CCCTATGAAAT,157
BADN01104182.1_1247,TGAGCCGCAAA,TGAGCTGCAAA,TGAGCCACAAA,2
BADN01104182.1_1247,TGAGCCGCAAA,TGAGCTGCAAA,TGGGCCGCAAA,1
BADN01105367.1_1942,TGAAATGCGTC,TGAAACGCGTC,TGAACTGCGTC,19
BADN01105367.1_1942,TGAAATGCGTC,TGAAACGCGTC,TGAATTGCGTC,3
BADN01106267.1_15155,CTTCAACTGTT,CTTCAGCTGTT,CTCTCCACAGC,1
BADN01106267.1_15155,CTTCAACTGTT,CTTCAGCTGTT,GAGAGAGAGAG,1
BADN01106267.1_15155,CTTCAACTGTT,CTTCAGCTGTT,CTTCAACTATT,2
BADN01106267.1_15155,CTTCAACTGTT,CTTCAGCTGTT,CTCTGAGCTGC,2
BADN01107903.1_6709,TCCCACGAGAT,TCCCATGAGAT,TCCCACCAGAT,1
BADN01107903.1_6709,TCCCACGAGAT,TCCCATGAGAT,TCCCACAAGAT,2
BADN01107903.1_6709,TCCCACGAGAT,TCCCATGAGAT,ATCTCACAGGA,1
BADN01107903.1_6709,TCCCACGAGAT,TCCCATGAGAT,TCCACGAGATT,6
BADN01107903.1_6709,TCCCACGAGAT,TCCCATGAGAT,ATCTCACGGTA,2
BADN01107903.1_6709,TCCCACGAGAT,TCCCATGAGAT,TCCCACGACAT,12
BADN01107903.1_6709,TCCCACGAGAT,TCCCATGAGAT,ATTTCGCTGGA,6
BADN01107903.1_6709,TCCCACGAGAT,TCCCATGAGAT,TCCCGTGAGAT,6
BADN01108324.1_1338,ACAGTGAAAAT,ACAGTAAAAAT,ACGGTGAAAAT,90
BADN01108324.1_1338,ACAGTGAAAAT,ACAGTAAAAAT,ACAATGAAAAT,11
BADN01112156.1_4797,TGCAGCTGCAT,TGCAGTTGCAT,ATAGACTACAG,1
BADN01112156.1_4797,TGCAGCTGCAT,TGCAGTTGCAT,GATCTACATTG,2
BADN01112156.1_4797,TGCAGCTGCAT,TGCAGTTGCAT,CACTTACTGTA,5
BADN01112156.1_4797,TGCAGCTGCAT,TGCAGTTGCAT,GCCTGTGTTCA,4
BADN01112156.1_4797,TGCAGCTGCAT,TGCAGTTGCAT,GCACTGGATTT,20
BADN01112593.1_746,AGAATCTTCCT,AGAATTTTCCT,AGAATGTTCCT,12
BADN01113373.1_1649,TATCACTTACT,TATCATTTACT,TATCACTCACT,62
BADN01116430.1_8846,CAGTCCGATAC,CAGTCAGATAC,CAGTCTGATAC,4
BADN01116430.1_8846,CAGTCCGATAC,CAGTCAGATAC,CATTCAGATAC,1
BADN01117024.1_429,CACACTAGTAT,CACACCAGTAT,TGAGATCGGAA,2
BADN01117024.1_429,CACACTAGTAT,CACACCAGTAT,TATCGGAAGAG,1
BADN01117024.1_429,CACACTAGTAT,CACACCAGTAT,CTAGATCGGAA,1
BADN01117024.1_429,CACACTAGTAT,CACACCAGTAT,CACACAAGTAT,1
BADN01117024.1_429,CACACTAGTAT,CACACCAGTAT,CATACTAGTAT,1
BADN01117024.1_429,CACACTAGTAT,CACACCAGTAT,TCTAGATAGGA,1
BADN01117024.1_429,CACACTAGTAT,CACACCAGTAT,ACGTGTGCTCT,2
BADN01117024.1_429,CACACTAGTAT,CACACCAGTAT,CACACTTGTAT,2
BADN01124063.1_397,CACTCGGAGAA,CACTCAGAGAA,CACTTGGAGAA,1
BADN01124995.1_398,ACACATGGTTT,ACACACGGTTT,ACACGTGGTTT,1
BADN01124995.1_398,ACACATGGTTT,ACACACGGTTT,ACAAATGGTTT,3
BADN01126788.1_1898,TGGATGTTCAC,TGGATATTCAC,GTGTGCTCTTC,18
BADN01126788.1_1898,TGGATGTTCAC,TGGATATTCAC,TGTCTGGAGTT,1
BADN01126788.1_1898,TGGATGTTCAC,TGGATATTCAC,TGACTGGAGTT,39
BADN01126788.1_1898,TGGATGTTCAC,TGGATATTCAC,TGGATGTTAAC,1
BADN01128414.1_1766,AACGGCGTCGG,AACGGTGTCGG,AACAGCGTCGG,1